job_role,job_description
Backend Developer,"We are looking for a Backend Developer experienced in Node.js, Express, MongoDB, API development. The candidate will design, develop, and maintain scalable systems while collaborating with cross-functional teams and ensuring high-quality software delivery."
Backend Developer,"We are looking for a Backend Developer experienced in Node.js, Express, MongoDB, API development. The candidate will design, develop, and maintain scalable systems while collaborating with cross-functional teams and ensuring high-quality software delivery."
Backend Developer,"We are looking for a Backend Developer experienced in Python, Django, REST APIs, PostgreSQL, Docker. The candidate will design, develop, and maintain scalable systems while collaborating with cross-functional teams and ensuring high-quality software delivery."
Backend Developer,"We are looking for a Backend Developer experienced in Python, Django, REST APIs, PostgreSQL, Docker. The candidate will design, develop, and maintain scalable systems while collaborating with cross-functional teams and ensuring high-quality software delivery."
Backend Developer,"We are looking for a Backend Developer experienced in Python, Flask, Redis, Docker, API optimization. The candidate will design, develop, and maintain scalable systems while collaborating with cross-functional teams and ensuring high-quality software delivery."
Backend Developer,"We are looking for a Backend Developer experienced in Java, Spring Boot, MySQL, Microservices. The candidate will design, develop, and maintain scalable systems while collaborating with cross-functional teams and ensuring high-quality software delivery."
Backend Developer,"We are looking for a Backend Developer experienced in Node.js, Express, MongoDB, API development. The candidate will design, develop, and maintain scalable systems while collaborating with cross-functional teams and ensuring high-quality software delivery."
Backend Developer,"We are looking for a Backend Developer experienced in Node.js, Express, MongoDB, API development. The candidate will design, develop, and maintain scalable systems while collaborating with cross-functional teams and ensuring high-quality software delivery."
Backend Developer,"We are looking for a Backend Developer experienced in Python, Django, REST APIs, PostgreSQL, Docker. The candidate will design, develop, and maintain scalable systems while collaborating with cross-functional teams and ensuring high-quality software delivery."
Backend Developer,"We are looking for a Backend Developer experienced in Golang, Kubernetes, distributed systems. The candidate will design, develop, and maintain scalable systems while collaborating with cross-functional teams and ensuring high-quality software delivery."
Backend Developer,"We are looking for a Backend Developer experienced in Node.js, Express, MongoDB, API development. The candidate will design, develop, and maintain scalable systems while collaborating with cross-functional teams and ensuring high-quality software delivery."
Backend Developer,"We are looking for a Backend Developer experienced in Golang, Kubernetes, distributed systems. The candidate will design, develop, and maintain scalable systems while collaborating with cross-functional teams and ensuring high-quality software delivery."
Backend Developer,"We are looking for a Backend Developer experienced in Python, Flask, Redis, Docker, API optimization. The candidate will design, develop, and maintain scalable systems while collaborating with cross-functional teams and ensuring high-quality software delivery."
Backend Developer,"We are looking for a Backend Developer experienced in Python, Flask, Redis, Docker, API optimization. The candidate will design, develop, and maintain scalable systems while collaborating with cross-functional teams and ensuring high-quality software delivery."
Backend Developer,"We are looking for a Backend Developer experienced in Java, Spring Boot, MySQL, Microservices. The candidate will design, develop, and maintain scalable systems while collaborating with cross-functional teams and ensuring high-quality software delivery."
Backend Developer,"We are looking for a Backend Developer experienced in Java, Spring Boot, MySQL, Microservices. The candidate will design, develop, and maintain scalable systems while collaborating with cross-functional teams and ensuring high-quality software delivery."
Backend Developer,"We are looking for a Backend Developer experienced in Python, Flask, Redis, Docker, API optimization. The candidate will design, develop, and maintain scalable systems while collaborating with cross-functional teams and ensuring high-quality software delivery."
Backend Developer,"We are looking for a Backend Developer experienced in Node.js, Express, MongoDB, API development. The candidate will design, develop, and maintain scalable systems while collaborating with cross-functional teams and ensuring high-quality software delivery."
Backend Developer,"We are looking for a Backend Developer experienced in Golang, Kubernetes, distributed systems. The candidate will design, develop, and maintain scalable systems while collaborating with cross-functional teams and ensuring high-quality software delivery."
Backend Developer,"We are looking for a Backend Developer experienced in Python, Flask, Redis, Docker, API optimization. The candidate will design, develop, and maintain scalable systems while collaborating with cross-functional teams and ensuring high-quality software delivery."
Backend Developer,"We are looking for a Backend Developer experienced in Java, Spring Boot, MySQL, Microservices. The candidate will design, develop, and maintain scalable systems while collaborating with cross-functional teams and ensuring high-quality software delivery."
Backend Developer,"We are looking for a Backend Developer experienced in Node.js, Express, MongoDB, API development. The candidate will design, develop, and maintain scalable systems while collaborating with cross-functional teams and ensuring high-quality software delivery."
Backend Developer,"We are looking for a Backend Developer experienced in Java, Spring Boot, MySQL, Microservices. The candidate will design, develop, and maintain scalable systems while collaborating with cross-functional teams and ensuring high-quality software delivery."
Frontend Developer,"We are looking for a Frontend Developer experienced in Angular, TypeScript, UI component design. The candidate will design, develop, and maintain scalable systems while collaborating with cross-functional teams and ensuring high-quality software delivery."
Frontend Developer,"We are looking for a Frontend Developer experienced in HTML5, CSS3, accessibility, UI/UX best practices. The candidate will design, develop, and maintain scalable systems while collaborating with cross-functional teams and ensuring high-quality software delivery."
Frontend Developer,"We are looking for a Frontend Developer experienced in Vue.js, modern JavaScript frameworks, REST integration. The candidate will design, develop, and maintain scalable systems while collaborating with cross-functional teams and ensuring high-quality software delivery."
Frontend Developer,"We are looking for a Frontend Developer experienced in Angular, TypeScript, UI component design. The candidate will design, develop, and maintain scalable systems while collaborating with cross-functional teams and ensuring high-quality software delivery."
Frontend Developer,"We are looking for a Frontend Developer experienced in React, Redux, Next.js. The candidate will design, develop, and maintain scalable systems while collaborating with cross-functional teams and ensuring high-quality software delivery."
Frontend Developer,"We are looking for a Frontend Developer experienced in React, JavaScript, HTML, CSS, responsive design. The candidate will design, develop, and maintain scalable systems while collaborating with cross-functional teams and ensuring high-quality software delivery."
Frontend Developer,"We are looking for a Frontend Developer experienced in React, Redux, Next.js. The candidate will design, develop, and maintain scalable systems while collaborating with cross-functional teams and ensuring high-quality software delivery."
Frontend Developer,"We are looking for a Frontend Developer experienced in Angular, TypeScript, UI component design. The candidate will design, develop, and maintain scalable systems while collaborating with cross-functional teams and ensuring high-quality software delivery."
Frontend Developer,"We are looking for a Frontend Developer experienced in HTML5, CSS3, accessibility, UI/UX best practices. The candidate will design, develop, and maintain scalable systems while collaborating with cross-functional teams and ensuring high-quality software delivery."
Frontend Developer,"We are looking for a Frontend Developer experienced in Vue.js, modern JavaScript frameworks, REST integration. The candidate will design, develop, and maintain scalable systems while collaborating with cross-functional teams and ensuring high-quality software delivery."
Frontend Developer,"We are looking for a Frontend Developer experienced in Vue.js, modern JavaScript frameworks, REST integration. The candidate will design, develop, and maintain scalable systems while collaborating with cross-functional teams and ensuring high-quality software delivery."
Frontend Developer,"We are looking for a Frontend Developer experienced in React, JavaScript, HTML, CSS, responsive design. The candidate will design, develop, and maintain scalable systems while collaborating with cross-functional teams and ensuring high-quality software delivery."
Frontend Developer,"We are looking for a Frontend Developer experienced in React, JavaScript, HTML, CSS, responsive design. The candidate will design, develop, and maintain scalable systems while collaborating with cross-functional teams and ensuring high-quality software delivery."
Frontend Developer,"We are looking for a Frontend Developer experienced in HTML5, CSS3, accessibility, UI/UX best practices. The candidate will design, develop, and maintain scalable systems while collaborating with cross-functional teams and ensuring high-quality software delivery."
Frontend Developer,"We are looking for a Frontend Developer experienced in React, Redux, Next.js. The candidate will design, develop, and maintain scalable systems while collaborating with cross-functional teams and ensuring high-quality software delivery."
Frontend Developer,"We are looking for a Frontend Developer experienced in React, JavaScript, HTML, CSS, responsive design. The candidate will design, develop, and maintain scalable systems while collaborating with cross-functional teams and ensuring high-quality software delivery."
Frontend Developer,"We are looking for a Frontend Developer experienced in Angular, TypeScript, UI component design. The candidate will design, develop, and maintain scalable systems while collaborating with cross-functional teams and ensuring high-quality software delivery."
Frontend Developer,"We are looking for a Frontend Developer experienced in Vue.js, modern JavaScript frameworks, REST integration. The candidate will design, develop, and maintain scalable systems while collaborating with cross-functional teams and ensuring high-quality software delivery."
Frontend Developer,"We are looking for a Frontend Developer experienced in Angular, TypeScript, UI component design. The candidate will design, develop, and maintain scalable systems while collaborating with cross-functional teams and ensuring high-quality software delivery."
Frontend Developer,"We are looking for a Frontend Developer experienced in Angular, TypeScript, UI component design. The candidate will design, develop, and maintain scalable systems while collaborating with cross-functional teams and ensuring high-quality software delivery."
Frontend Developer,"We are looking for a Frontend Developer experienced in Vue.js, modern JavaScript frameworks, REST integration. The candidate will design, develop, and maintain scalable systems while collaborating with cross-functional teams and ensuring high-quality software delivery."
Frontend Developer,"We are looking for a Frontend Developer experienced in Angular, TypeScript, UI component design. The candidate will design, develop, and maintain scalable systems while collaborating with cross-functional teams and ensuring high-quality software delivery."
Frontend Developer,"We are looking for a Frontend Developer experienced in Vue.js, modern JavaScript frameworks, REST integration. The candidate will design, develop, and maintain scalable systems while collaborating with cross-functional teams and ensuring high-quality software delivery."
Full Stack Developer,"We are looking for a Full Stack Developer experienced in Django, React, PostgreSQL, Docker. The candidate will design, develop, and maintain scalable systems while collaborating with cross-functional teams and ensuring high-quality software delivery."
Full Stack Developer,"We are looking for a Full Stack Developer experienced in React frontend with Node.js backend. The candidate will design, develop, and maintain scalable systems while collaborating with cross-functional teams and ensuring high-quality software delivery."
Full Stack Developer,"We are looking for a Full Stack Developer experienced in MERN stack, authentication systems, cloud deployment. The candidate will design, develop, and maintain scalable systems while collaborating with cross-functional teams and ensuring high-quality software delivery."
Full Stack Developer,"We are looking for a Full Stack Developer experienced in React frontend with Node.js backend. The candidate will design, develop, and maintain scalable systems while collaborating with cross-functional teams and ensuring high-quality software delivery."
Full Stack Developer,"We are looking for a Full Stack Developer experienced in MERN stack, authentication systems, cloud deployment. The candidate will design, develop, and maintain scalable systems while collaborating with cross-functional teams and ensuring high-quality software delivery."
Full Stack Developer,"We are looking for a Full Stack Developer experienced in MERN stack, authentication systems, cloud deployment. The candidate will design, develop, and maintain scalable systems while collaborating with cross-functional teams and ensuring high-quality software delivery."
Full Stack Developer,"We are looking for a Full Stack Developer experienced in React, Node.js, MongoDB, REST APIs. The candidate will design, develop, and maintain scalable systems while collaborating with cross-functional teams and ensuring high-quality software delivery."
Full Stack Developer,"We are looking for a Full Stack Developer experienced in GraphQL APIs, microservices, containerization. The candidate will design, develop, and maintain scalable systems while collaborating with cross-functional teams and ensuring high-quality software delivery."
Full Stack Developer,"We are looking for a Full Stack Developer experienced in Django, React, PostgreSQL, Docker. The candidate will design, develop, and maintain scalable systems while collaborating with cross-functional teams and ensuring high-quality software delivery."
Full Stack Developer,"We are looking for a Full Stack Developer experienced in MERN stack, authentication systems, cloud deployment. The candidate will design, develop, and maintain scalable systems while collaborating with cross-functional teams and ensuring high-quality software delivery."
Full Stack Developer,"We are looking for a Full Stack Developer experienced in GraphQL APIs, microservices, containerization. The candidate will design, develop, and maintain scalable systems while collaborating with cross-functional teams and ensuring high-quality software delivery."
Full Stack Developer,"We are looking for a Full Stack Developer experienced in React frontend with Node.js backend. The candidate will design, develop, and maintain scalable systems while collaborating with cross-functional teams and ensuring high-quality software delivery."
Full Stack Developer,"We are looking for a Full Stack Developer experienced in MERN stack, authentication systems, cloud deployment. The candidate will design, develop, and maintain scalable systems while collaborating with cross-functional teams and ensuring high-quality software delivery."
Full Stack Developer,"We are looking for a Full Stack Developer experienced in React, Node.js, MongoDB, REST APIs. The candidate will design, develop, and maintain scalable systems while collaborating with cross-functional teams and ensuring high-quality software delivery."
Full Stack Developer,"We are looking for a Full Stack Developer experienced in React frontend with Node.js backend. The candidate will design, develop, and maintain scalable systems while collaborating with cross-functional teams and ensuring high-quality software delivery."
Full Stack Developer,"We are looking for a Full Stack Developer experienced in MERN stack, authentication systems, cloud deployment. The candidate will design, develop, and maintain scalable systems while collaborating with cross-functional teams and ensuring high-quality software delivery."
Full Stack Developer,"We are looking for a Full Stack Developer experienced in Django, React, PostgreSQL, Docker. The candidate will design, develop, and maintain scalable systems while collaborating with cross-functional teams and ensuring high-quality software delivery."
Full Stack Developer,"We are looking for a Full Stack Developer experienced in MERN stack, authentication systems, cloud deployment. The candidate will design, develop, and maintain scalable systems while collaborating with cross-functional teams and ensuring high-quality software delivery."
Full Stack Developer,"We are looking for a Full Stack Developer experienced in React, Node.js, MongoDB, REST APIs. The candidate will design, develop, and maintain scalable systems while collaborating with cross-functional teams and ensuring high-quality software delivery."
Full Stack Developer,"We are looking for a Full Stack Developer experienced in React frontend with Node.js backend. The candidate will design, develop, and maintain scalable systems while collaborating with cross-functional teams and ensuring high-quality software delivery."
Full Stack Developer,"We are looking for a Full Stack Developer experienced in Django, React, PostgreSQL, Docker. The candidate will design, develop, and maintain scalable systems while collaborating with cross-functional teams and ensuring high-quality software delivery."
Full Stack Developer,"We are looking for a Full Stack Developer experienced in React, Node.js, MongoDB, REST APIs. The candidate will design, develop, and maintain scalable systems while collaborating with cross-functional teams and ensuring high-quality software delivery."
Full Stack Developer,"We are looking for a Full Stack Developer experienced in GraphQL APIs, microservices, containerization. The candidate will design, develop, and maintain scalable systems while collaborating with cross-functional teams and ensuring high-quality software delivery."
Data Scientist,"We are looking for a Data Scientist experienced in Statistical modeling, scikit-learn, predictive analytics. The candidate will design, develop, and maintain scalable systems while collaborating with cross-functional teams and ensuring high-quality software delivery."
Data Scientist,"We are looking for a Data Scientist experienced in Feature engineering and ML model evaluation. The candidate will design, develop, and maintain scalable systems while collaborating with cross-functional teams and ensuring high-quality software delivery."
Data Scientist,"We are looking for a Data Scientist experienced in Feature engineering and ML model evaluation. The candidate will design, develop, and maintain scalable systems while collaborating with cross-functional teams and ensuring high-quality software delivery."
Data Scientist,"We are looking for a Data Scientist experienced in Statistical modeling, scikit-learn, predictive analytics. The candidate will design, develop, and maintain scalable systems while collaborating with cross-functional teams and ensuring high-quality software delivery."
Data Scientist,"We are looking for a Data Scientist experienced in Statistical modeling, scikit-learn, predictive analytics. The candidate will design, develop, and maintain scalable systems while collaborating with cross-functional teams and ensuring high-quality software delivery."
Data Scientist,"We are looking for a Data Scientist experienced in Python, SQL, ML algorithms, deep learning. The candidate will design, develop, and maintain scalable systems while collaborating with cross-functional teams and ensuring high-quality software delivery."
Data Scientist,"We are looking for a Data Scientist experienced in Feature engineering and ML model evaluation. The candidate will design, develop, and maintain scalable systems while collaborating with cross-functional teams and ensuring high-quality software delivery."
Data Scientist,"We are looking for a Data Scientist experienced in Statistical modeling, scikit-learn, predictive analytics. The candidate will design, develop, and maintain scalable systems while collaborating with cross-functional teams and ensuring high-quality software delivery."
Data Scientist,"We are looking for a Data Scientist experienced in Spark, big data processing, predictive modeling. The candidate will design, develop, and maintain scalable systems while collaborating with cross-functional teams and ensuring high-quality software delivery."
Data Scientist,"We are looking for a Data Scientist experienced in Python, Pandas, NumPy, machine learning, visualization. The candidate will design, develop, and maintain scalable systems while collaborating with cross-functional teams and ensuring high-quality software delivery."
Data Scientist,"We are looking for a Data Scientist experienced in Python, SQL, ML algorithms, deep learning. The candidate will design, develop, and maintain scalable systems while collaborating with cross-functional teams and ensuring high-quality software delivery."
Data Scientist,"We are looking for a Data Scientist experienced in Python, SQL, ML algorithms, deep learning. The candidate will design, develop, and maintain scalable systems while collaborating with cross-functional teams and ensuring high-quality software delivery."
Data Scientist,"We are looking for a Data Scientist experienced in Feature engineering and ML model evaluation. The candidate will design, develop, and maintain scalable systems while collaborating with cross-functional teams and ensuring high-quality software delivery."
Data Scientist,"We are looking for a Data Scientist experienced in Spark, big data processing, predictive modeling. The candidate will design, develop, and maintain scalable systems while collaborating with cross-functional teams and ensuring high-quality software delivery."
Data Scientist,"We are looking for a Data Scientist experienced in Feature engineering and ML model evaluation. The candidate will design, develop, and maintain scalable systems while collaborating with cross-functional teams and ensuring high-quality software delivery."
Data Scientist,"We are looking for a Data Scientist experienced in Python, SQL, ML algorithms, deep learning. The candidate will design, develop, and maintain scalable systems while collaborating with cross-functional teams and ensuring high-quality software delivery."
Data Scientist,"We are looking for a Data Scientist experienced in Feature engineering and ML model evaluation. The candidate will design, develop, and maintain scalable systems while collaborating with cross-functional teams and ensuring high-quality software delivery."
Data Scientist,"We are looking for a Data Scientist experienced in Feature engineering and ML model evaluation. The candidate will design, develop, and maintain scalable systems while collaborating with cross-functional teams and ensuring high-quality software delivery."
Data Scientist,"We are looking for a Data Scientist experienced in Feature engineering and ML model evaluation. The candidate will design, develop, and maintain scalable systems while collaborating with cross-functional teams and ensuring high-quality software delivery."
Data Scientist,"We are looking for a Data Scientist experienced in Spark, big data processing, predictive modeling. The candidate will design, develop, and maintain scalable systems while collaborating with cross-functional teams and ensuring high-quality software delivery."
Data Scientist,"We are looking for a Data Scientist experienced in Python, Pandas, NumPy, machine learning, visualization. The candidate will design, develop, and maintain scalable systems while collaborating with cross-functional teams and ensuring high-quality software delivery."
Data Scientist,"We are looking for a Data Scientist experienced in Python, Pandas, NumPy, machine learning, visualization. The candidate will design, develop, and maintain scalable systems while collaborating with cross-functional teams and ensuring high-quality software delivery."
Data Scientist,"We are looking for a Data Scientist experienced in Python, SQL, ML algorithms, deep learning. The candidate will design, develop, and maintain scalable systems while collaborating with cross-functional teams and ensuring high-quality software delivery."
Machine Learning Engineer,"We are looking for a Machine Learning Engineer experienced in NLP models, deep learning, production ML pipelines. The candidate will design, develop, and maintain scalable systems while collaborating with cross-functional teams and ensuring high-quality software delivery."
Machine Learning Engineer,"We are looking for a Machine Learning Engineer experienced in NLP models, deep learning, production ML pipelines. The candidate will design, develop, and maintain scalable systems while collaborating with cross-functional teams and ensuring high-quality software delivery."
Machine Learning Engineer,"We are looking for a Machine Learning Engineer experienced in Recommender systems and ML optimization. The candidate will design, develop, and maintain scalable systems while collaborating with cross-functional teams and ensuring high-quality software delivery."
Machine Learning Engineer,"We are looking for a Machine Learning Engineer experienced in Python, TensorFlow, PyTorch, ML deployment. The candidate will design, develop, and maintain scalable systems while collaborating with cross-functional teams and ensuring high-quality software delivery."
Machine Learning Engineer,"We are looking for a Machine Learning Engineer experienced in NLP models, deep learning, production ML pipelines. The candidate will design, develop, and maintain scalable systems while collaborating with cross-functional teams and ensuring high-quality software delivery."
Machine Learning Engineer,"We are looking for a Machine Learning Engineer experienced in Python, TensorFlow, PyTorch, ML deployment. The candidate will design, develop, and maintain scalable systems while collaborating with cross-functional teams and ensuring high-quality software delivery."
Machine Learning Engineer,"We are looking for a Machine Learning Engineer experienced in Model monitoring and performance tuning. The candidate will design, develop, and maintain scalable systems while collaborating with cross-functional teams and ensuring high-quality software delivery."
Machine Learning Engineer,"We are looking for a Machine Learning Engineer experienced in Docker, Kubernetes, ML model serving. The candidate will design, develop, and maintain scalable systems while collaborating with cross-functional teams and ensuring high-quality software delivery."
Machine Learning Engineer,"We are looking for a Machine Learning Engineer experienced in Model monitoring and performance tuning. The candidate will design, develop, and maintain scalable systems while collaborating with cross-functional teams and ensuring high-quality software delivery."
Machine Learning Engineer,"We are looking for a Machine Learning Engineer experienced in Docker, Kubernetes, ML model serving. The candidate will design, develop, and maintain scalable systems while collaborating with cross-functional teams and ensuring high-quality software delivery."
Machine Learning Engineer,"We are looking for a Machine Learning Engineer experienced in Docker, Kubernetes, ML model serving. The candidate will design, develop, and maintain scalable systems while collaborating with cross-functional teams and ensuring high-quality software delivery."
Machine Learning Engineer,"We are looking for a Machine Learning Engineer experienced in Docker, Kubernetes, ML model serving. The candidate will design, develop, and maintain scalable systems while collaborating with cross-functional teams and ensuring high-quality software delivery."
Machine Learning Engineer,"We are looking for a Machine Learning Engineer experienced in Model monitoring and performance tuning. The candidate will design, develop, and maintain scalable systems while collaborating with cross-functional teams and ensuring high-quality software delivery."
Machine Learning Engineer,"We are looking for a Machine Learning Engineer experienced in Docker, Kubernetes, ML model serving. The candidate will design, develop, and maintain scalable systems while collaborating with cross-functional teams and ensuring high-quality software delivery."
Machine Learning Engineer,"We are looking for a Machine Learning Engineer experienced in Docker, Kubernetes, ML model serving. The candidate will design, develop, and maintain scalable systems while collaborating with cross-functional teams and ensuring high-quality software delivery."
Machine Learning Engineer,"We are looking for a Machine Learning Engineer experienced in Recommender systems and ML optimization. The candidate will design, develop, and maintain scalable systems while collaborating with cross-functional teams and ensuring high-quality software delivery."
Machine Learning Engineer,"We are looking for a Machine Learning Engineer experienced in Recommender systems and ML optimization. The candidate will design, develop, and maintain scalable systems while collaborating with cross-functional teams and ensuring high-quality software delivery."
Machine Learning Engineer,"We are looking for a Machine Learning Engineer experienced in Model monitoring and performance tuning. The candidate will design, develop, and maintain scalable systems while collaborating with cross-functional teams and ensuring high-quality software delivery."
Machine Learning Engineer,"We are looking for a Machine Learning Engineer experienced in NLP models, deep learning, production ML pipelines. The candidate will design, develop, and maintain scalable systems while collaborating with cross-functional teams and ensuring high-quality software delivery."
Machine Learning Engineer,"We are looking for a Machine Learning Engineer experienced in Model monitoring and performance tuning. The candidate will design, develop, and maintain scalable systems while collaborating with cross-functional teams and ensuring high-quality software delivery."
Machine Learning Engineer,"We are looking for a Machine Learning Engineer experienced in Model monitoring and performance tuning. The candidate will design, develop, and maintain scalable systems while collaborating with cross-functional teams and ensuring high-quality software delivery."
Machine Learning Engineer,"We are looking for a Machine Learning Engineer experienced in Python, TensorFlow, PyTorch, ML deployment. The candidate will design, develop, and maintain scalable systems while collaborating with cross-functional teams and ensuring high-quality software delivery."
Machine Learning Engineer,"We are looking for a Machine Learning Engineer experienced in Recommender systems and ML optimization. The candidate will design, develop, and maintain scalable systems while collaborating with cross-functional teams and ensuring high-quality software delivery."
DevOps Engineer,"We are looking for a DevOps Engineer experienced in AWS, Docker, Kubernetes, CI/CD pipelines. The candidate will design, develop, and maintain scalable systems while collaborating with cross-functional teams and ensuring high-quality software delivery."
DevOps Engineer,"We are looking for a DevOps Engineer experienced in Monitoring systems, cloud infrastructure. The candidate will design, develop, and maintain scalable systems while collaborating with cross-functional teams and ensuring high-quality software delivery."
DevOps Engineer,"We are looking for a DevOps Engineer experienced in Infrastructure as code and DevOps automation. The candidate will design, develop, and maintain scalable systems while collaborating with cross-functional teams and ensuring high-quality software delivery."
DevOps Engineer,"We are looking for a DevOps Engineer experienced in Terraform, Kubernetes, infrastructure automation. The candidate will design, develop, and maintain scalable systems while collaborating with cross-functional teams and ensuring high-quality software delivery."
DevOps Engineer,"We are looking for a DevOps Engineer experienced in Terraform, Kubernetes, infrastructure automation. The candidate will design, develop, and maintain scalable systems while collaborating with cross-functional teams and ensuring high-quality software delivery."
DevOps Engineer,"We are looking for a DevOps Engineer experienced in Infrastructure as code and DevOps automation. The candidate will design, develop, and maintain scalable systems while collaborating with cross-functional teams and ensuring high-quality software delivery."
DevOps Engineer,"We are looking for a DevOps Engineer experienced in AWS, Docker, Kubernetes, CI/CD pipelines. The candidate will design, develop, and maintain scalable systems while collaborating with cross-functional teams and ensuring high-quality software delivery."
DevOps Engineer,"We are looking for a DevOps Engineer experienced in AWS, Docker, Kubernetes, CI/CD pipelines. The candidate will design, develop, and maintain scalable systems while collaborating with cross-functional teams and ensuring high-quality software delivery."
DevOps Engineer,"We are looking for a DevOps Engineer experienced in Jenkins, containerization, cloud deployment. The candidate will design, develop, and maintain scalable systems while collaborating with cross-functional teams and ensuring high-quality software delivery."
DevOps Engineer,"We are looking for a DevOps Engineer experienced in Monitoring systems, cloud infrastructure. The candidate will design, develop, and maintain scalable systems while collaborating with cross-functional teams and ensuring high-quality software delivery."
DevOps Engineer,"We are looking for a DevOps Engineer experienced in Jenkins, containerization, cloud deployment. The candidate will design, develop, and maintain scalable systems while collaborating with cross-functional teams and ensuring high-quality software delivery."
DevOps Engineer,"We are looking for a DevOps Engineer experienced in Jenkins, containerization, cloud deployment. The candidate will design, develop, and maintain scalable systems while collaborating with cross-functional teams and ensuring high-quality software delivery."
DevOps Engineer,"We are looking for a DevOps Engineer experienced in Monitoring systems, cloud infrastructure. The candidate will design, develop, and maintain scalable systems while collaborating with cross-functional teams and ensuring high-quality software delivery."
DevOps Engineer,"We are looking for a DevOps Engineer experienced in Monitoring systems, cloud infrastructure. The candidate will design, develop, and maintain scalable systems while collaborating with cross-functional teams and ensuring high-quality software delivery."
DevOps Engineer,"We are looking for a DevOps Engineer experienced in AWS, Docker, Kubernetes, CI/CD pipelines. The candidate will design, develop, and maintain scalable systems while collaborating with cross-functional teams and ensuring high-quality software delivery."
DevOps Engineer,"We are looking for a DevOps Engineer experienced in Infrastructure as code and DevOps automation. The candidate will design, develop, and maintain scalable systems while collaborating with cross-functional teams and ensuring high-quality software delivery."
DevOps Engineer,"We are looking for a DevOps Engineer experienced in Jenkins, containerization, cloud deployment. The candidate will design, develop, and maintain scalable systems while collaborating with cross-functional teams and ensuring high-quality software delivery."
DevOps Engineer,"We are looking for a DevOps Engineer experienced in AWS, Docker, Kubernetes, CI/CD pipelines. The candidate will design, develop, and maintain scalable systems while collaborating with cross-functional teams and ensuring high-quality software delivery."
DevOps Engineer,"We are looking for a DevOps Engineer experienced in Monitoring systems, cloud infrastructure. The candidate will design, develop, and maintain scalable systems while collaborating with cross-functional teams and ensuring high-quality software delivery."
DevOps Engineer,"We are looking for a DevOps Engineer experienced in AWS, Docker, Kubernetes, CI/CD pipelines. The candidate will design, develop, and maintain scalable systems while collaborating with cross-functional teams and ensuring high-quality software delivery."
DevOps Engineer,"We are looking for a DevOps Engineer experienced in Infrastructure as code and DevOps automation. The candidate will design, develop, and maintain scalable systems while collaborating with cross-functional teams and ensuring high-quality software delivery."
DevOps Engineer,"We are looking for a DevOps Engineer experienced in AWS, Docker, Kubernetes, CI/CD pipelines. The candidate will design, develop, and maintain scalable systems while collaborating with cross-functional teams and ensuring high-quality software delivery."
DevOps Engineer,"We are looking for a DevOps Engineer experienced in AWS, Docker, Kubernetes, CI/CD pipelines. The candidate will design, develop, and maintain scalable systems while collaborating with cross-functional teams and ensuring high-quality software delivery."
Data Analyst,"We are looking for a Data Analyst experienced in ETL pipelines and data warehousing. The candidate will design, develop, and maintain scalable systems while collaborating with cross-functional teams and ensuring high-quality software delivery."
Data Analyst,"We are looking for a Data Analyst experienced in Business analytics and KPI tracking. The candidate will design, develop, and maintain scalable systems while collaborating with cross-functional teams and ensuring high-quality software delivery."
Data Analyst,"We are looking for a Data Analyst experienced in Data cleaning, reporting dashboards. The candidate will design, develop, and maintain scalable systems while collaborating with cross-functional teams and ensuring high-quality software delivery."
Data Analyst,"We are looking for a Data Analyst experienced in Data cleaning, reporting dashboards. The candidate will design, develop, and maintain scalable systems while collaborating with cross-functional teams and ensuring high-quality software delivery."
Data Analyst,"We are looking for a Data Analyst experienced in SQL, Python, Excel, Tableau dashboards. The candidate will design, develop, and maintain scalable systems while collaborating with cross-functional teams and ensuring high-quality software delivery."
Data Analyst,"We are looking for a Data Analyst experienced in Power BI, SQL reporting, business intelligence. The candidate will design, develop, and maintain scalable systems while collaborating with cross-functional teams and ensuring high-quality software delivery."
Data Analyst,"We are looking for a Data Analyst experienced in ETL pipelines and data warehousing. The candidate will design, develop, and maintain scalable systems while collaborating with cross-functional teams and ensuring high-quality software delivery."
Data Analyst,"We are looking for a Data Analyst experienced in ETL pipelines and data warehousing. The candidate will design, develop, and maintain scalable systems while collaborating with cross-functional teams and ensuring high-quality software delivery."
Data Analyst,"We are looking for a Data Analyst experienced in Business analytics and KPI tracking. The candidate will design, develop, and maintain scalable systems while collaborating with cross-functional teams and ensuring high-quality software delivery."
Data Analyst,"We are looking for a Data Analyst experienced in Business analytics and KPI tracking. The candidate will design, develop, and maintain scalable systems while collaborating with cross-functional teams and ensuring high-quality software delivery."
Data Analyst,"We are looking for a Data Analyst experienced in Data cleaning, reporting dashboards. The candidate will design, develop, and maintain scalable systems while collaborating with cross-functional teams and ensuring high-quality software delivery."
Data Analyst,"We are looking for a Data Analyst experienced in ETL pipelines and data warehousing. The candidate will design, develop, and maintain scalable systems while collaborating with cross-functional teams and ensuring high-quality software delivery."
Data Analyst,"We are looking for a Data Analyst experienced in Power BI, SQL reporting, business intelligence. The candidate will design, develop, and maintain scalable systems while collaborating with cross-functional teams and ensuring high-quality software delivery."
Data Analyst,"We are looking for a Data Analyst experienced in Data cleaning, reporting dashboards. The candidate will design, develop, and maintain scalable systems while collaborating with cross-functional teams and ensuring high-quality software delivery."
Data Analyst,"We are looking for a Data Analyst experienced in Power BI, SQL reporting, business intelligence. The candidate will design, develop, and maintain scalable systems while collaborating with cross-functional teams and ensuring high-quality software delivery."
Data Analyst,"We are looking for a Data Analyst experienced in SQL, Python, Excel, Tableau dashboards. The candidate will design, develop, and maintain scalable systems while collaborating with cross-functional teams and ensuring high-quality software delivery."
Data Analyst,"We are looking for a Data Analyst experienced in SQL, Python, Excel, Tableau dashboards. The candidate will design, develop, and maintain scalable systems while collaborating with cross-functional teams and ensuring high-quality software delivery."
Data Analyst,"We are looking for a Data Analyst experienced in Power BI, SQL reporting, business intelligence. The candidate will design, develop, and maintain scalable systems while collaborating with cross-functional teams and ensuring high-quality software delivery."
Data Analyst,"We are looking for a Data Analyst experienced in Business analytics and KPI tracking. The candidate will design, develop, and maintain scalable systems while collaborating with cross-functional teams and ensuring high-quality software delivery."
Data Analyst,"We are looking for a Data Analyst experienced in SQL, Python, Excel, Tableau dashboards. The candidate will design, develop, and maintain scalable systems while collaborating with cross-functional teams and ensuring high-quality software delivery."
Data Analyst,"We are looking for a Data Analyst experienced in SQL, Python, Excel, Tableau dashboards. The candidate will design, develop, and maintain scalable systems while collaborating with cross-functional teams and ensuring high-quality software delivery."
Data Analyst,"We are looking for a Data Analyst experienced in Business analytics and KPI tracking. The candidate will design, develop, and maintain scalable systems while collaborating with cross-functional teams and ensuring high-quality software delivery."
Data Analyst,"We are looking for a Data Analyst experienced in Data cleaning, reporting dashboards. The candidate will design, develop, and maintain scalable systems while collaborating with cross-functional teams and ensuring high-quality software delivery."
Mobile Developer,"We are looking for a Mobile Developer experienced in Flutter and Dart mobile apps. The candidate will design, develop, and maintain scalable systems while collaborating with cross-functional teams and ensuring high-quality software delivery."
Mobile Developer,"We are looking for a Mobile Developer experienced in Android MVVM architecture and Firebase. The candidate will design, develop, and maintain scalable systems while collaborating with cross-functional teams and ensuring high-quality software delivery."
Mobile Developer,"We are looking for a Mobile Developer experienced in iOS development using Swift. The candidate will design, develop, and maintain scalable systems while collaborating with cross-functional teams and ensuring high-quality software delivery."
Mobile Developer,"We are looking for a Mobile Developer experienced in React Native cross-platform apps. The candidate will design, develop, and maintain scalable systems while collaborating with cross-functional teams and ensuring high-quality software delivery."
Mobile Developer,"We are looking for a Mobile Developer experienced in Flutter and Dart mobile apps. The candidate will design, develop, and maintain scalable systems while collaborating with cross-functional teams and ensuring high-quality software delivery."
Mobile Developer,"We are looking for a Mobile Developer experienced in Android MVVM architecture and Firebase. The candidate will design, develop, and maintain scalable systems while collaborating with cross-functional teams and ensuring high-quality software delivery."
Mobile Developer,"We are looking for a Mobile Developer experienced in Android MVVM architecture and Firebase. The candidate will design, develop, and maintain scalable systems while collaborating with cross-functional teams and ensuring high-quality software delivery."
Mobile Developer,"We are looking for a Mobile Developer experienced in Android MVVM architecture and Firebase. The candidate will design, develop, and maintain scalable systems while collaborating with cross-functional teams and ensuring high-quality software delivery."
Mobile Developer,"We are looking for a Mobile Developer experienced in React Native cross-platform apps. The candidate will design, develop, and maintain scalable systems while collaborating with cross-functional teams and ensuring high-quality software delivery."
Mobile Developer,"We are looking for a Mobile Developer experienced in Android MVVM architecture and Firebase. The candidate will design, develop, and maintain scalable systems while collaborating with cross-functional teams and ensuring high-quality software delivery."
Mobile Developer,"We are looking for a Mobile Developer experienced in Flutter and Dart mobile apps. The candidate will design, develop, and maintain scalable systems while collaborating with cross-functional teams and ensuring high-quality software delivery."
Mobile Developer,"We are looking for a Mobile Developer experienced in iOS development using Swift. The candidate will design, develop, and maintain scalable systems while collaborating with cross-functional teams and ensuring high-quality software delivery."
Mobile Developer,"We are looking for a Mobile Developer experienced in Android development with Kotlin and Java. The candidate will design, develop, and maintain scalable systems while collaborating with cross-functional teams and ensuring high-quality software delivery."
Mobile Developer,"We are looking for a Mobile Developer experienced in iOS development using Swift. The candidate will design, develop, and maintain scalable systems while collaborating with cross-functional teams and ensuring high-quality software delivery."
Mobile Developer,"We are looking for a Mobile Developer experienced in Flutter and Dart mobile apps. The candidate will design, develop, and maintain scalable systems while collaborating with cross-functional teams and ensuring high-quality software delivery."
Mobile Developer,"We are looking for a Mobile Developer experienced in iOS development using Swift. The candidate will design, develop, and maintain scalable systems while collaborating with cross-functional teams and ensuring high-quality software delivery."
Mobile Developer,"We are looking for a Mobile Developer experienced in Flutter and Dart mobile apps. The candidate will design, develop, and maintain scalable systems while collaborating with cross-functional teams and ensuring high-quality software delivery."
Mobile Developer,"We are looking for a Mobile Developer experienced in Android development with Kotlin and Java. The candidate will design, develop, and maintain scalable systems while collaborating with cross-functional teams and ensuring high-quality software delivery."
Mobile Developer,"We are looking for a Mobile Developer experienced in Android MVVM architecture and Firebase. The candidate will design, develop, and maintain scalable systems while collaborating with cross-functional teams and ensuring high-quality software delivery."
Mobile Developer,"We are looking for a Mobile Developer experienced in Flutter and Dart mobile apps. The candidate will design, develop, and maintain scalable systems while collaborating with cross-functional teams and ensuring high-quality software delivery."
Mobile Developer,"We are looking for a Mobile Developer experienced in Android development with Kotlin and Java. The candidate will design, develop, and maintain scalable systems while collaborating with cross-functional teams and ensuring high-quality software delivery."
Mobile Developer,"We are looking for a Mobile Developer experienced in iOS development using Swift. The candidate will design, develop, and maintain scalable systems while collaborating with cross-functional teams and ensuring high-quality software delivery."
Mobile Developer,"We are looking for a Mobile Developer experienced in iOS development using Swift. The candidate will design, develop, and maintain scalable systems while collaborating with cross-functional teams and ensuring high-quality software delivery."
Cloud Engineer,"We are looking for a Cloud Engineer experienced in Kubernetes, Terraform, CI/CD automation. The candidate will design, develop, and maintain scalable systems while collaborating with cross-functional teams and ensuring high-quality software delivery."
Cloud Engineer,"We are looking for a Cloud Engineer experienced in AWS cloud architecture and deployment. The candidate will design, develop, and maintain scalable systems while collaborating with cross-functional teams and ensuring high-quality software delivery."
Cloud Engineer,"We are looking for a Cloud Engineer experienced in Azure cloud services and system scaling. The candidate will design, develop, and maintain scalable systems while collaborating with cross-functional teams and ensuring high-quality software delivery."
Cloud Engineer,"We are looking for a Cloud Engineer experienced in Kubernetes, Terraform, CI/CD automation. The candidate will design, develop, and maintain scalable systems while collaborating with cross-functional teams and ensuring high-quality software delivery."
Cloud Engineer,"We are looking for a Cloud Engineer experienced in Azure cloud services and system scaling. The candidate will design, develop, and maintain scalable systems while collaborating with cross-functional teams and ensuring high-quality software delivery."
Cloud Engineer,"We are looking for a Cloud Engineer experienced in Multi-cloud architecture design. The candidate will design, develop, and maintain scalable systems while collaborating with cross-functional teams and ensuring high-quality software delivery."
Cloud Engineer,"We are looking for a Cloud Engineer experienced in AWS monitoring, security, automation. The candidate will design, develop, and maintain scalable systems while collaborating with cross-functional teams and ensuring high-quality software delivery."
Cloud Engineer,"We are looking for a Cloud Engineer experienced in Azure cloud services and system scaling. The candidate will design, develop, and maintain scalable systems while collaborating with cross-functional teams and ensuring high-quality software delivery."
Cloud Engineer,"We are looking for a Cloud Engineer experienced in Kubernetes, Terraform, CI/CD automation. The candidate will design, develop, and maintain scalable systems while collaborating with cross-functional teams and ensuring high-quality software delivery."
Cloud Engineer,"We are looking for a Cloud Engineer experienced in AWS cloud architecture and deployment. The candidate will design, develop, and maintain scalable systems while collaborating with cross-functional teams and ensuring high-quality software delivery."
Cloud Engineer,"We are looking for a Cloud Engineer experienced in Kubernetes, Terraform, CI/CD automation. The candidate will design, develop, and maintain scalable systems while collaborating with cross-functional teams and ensuring high-quality software delivery."
Cloud Engineer,"We are looking for a Cloud Engineer experienced in Azure cloud services and system scaling. The candidate will design, develop, and maintain scalable systems while collaborating with cross-functional teams and ensuring high-quality software delivery."
Cloud Engineer,"We are looking for a Cloud Engineer experienced in Azure cloud services and system scaling. The candidate will design, develop, and maintain scalable systems while collaborating with cross-functional teams and ensuring high-quality software delivery."
Cloud Engineer,"We are looking for a Cloud Engineer experienced in Kubernetes, Terraform, CI/CD automation. The candidate will design, develop, and maintain scalable systems while collaborating with cross-functional teams and ensuring high-quality software delivery."
Cloud Engineer,"We are looking for a Cloud Engineer experienced in Kubernetes, Terraform, CI/CD automation. The candidate will design, develop, and maintain scalable systems while collaborating with cross-functional teams and ensuring high-quality software delivery."
Cloud Engineer,"We are looking for a Cloud Engineer experienced in AWS monitoring, security, automation. The candidate will design, develop, and maintain scalable systems while collaborating with cross-functional teams and ensuring high-quality software delivery."
